your,114
flu,1154
shot,814
may,15
not,87
work,33
this,143
year,75
http,336
damn,6
arm,48
hurts,14
thanks,20
mom,24
donnaspartlow,1
gonna,8
punch,1
you,198
the,458
when,31
get,352
home,11
loveyou,1
hlntv,1
parents,5
says,13
her,23
old,7
daughter,3
became,2
paralyzed,6
just,61
days,13
after,25
she,22
got,167
nigga,3
shoulder,1
pause,1
pharmacies,3
push,3
untested,2
pregnant,8
women,8
youtube,3
gfdruoshvc,1
yesterday,5
feel,23
like,43
have,75
today,72
because,25
via,18
brotherjohnf,1
new,14
post,5
seniors,1
die,5
assisted,1
care,7
center,14
georgia,3
don,50
fool,1
with,68
them,13
shots,208
other,8
day,21
and,210
now,45
battling,1
through,6
being,14
sick,46
been,25
pretty,3
shitty,1
figure,1
ooouuuccchhh,1
went,10
clinic,10
for,156
job,5
hospital,8
bad,11
never,45
ohlordreid,1
getting,109
anytime,1
soon,6
nope,5
requiring,1
rather,4
why,35
are,71
mandatory,7
pissed,2
still,33
shit,8
think,21
that,91
making,4
dude,1
scary,2
folk,1
feels,5
about,35
fall,7
off,10
keyetv,1
cdc,15
less,6
effective,6
virus,10
mutated,4
little,9
girl,15
rare,1
might,6
preppertalk,1
preppers,1
prepper,1
survivalist,1
pandemic,1
dont,7
latimeshealth,1
good,27
match,9
viruses,1
actually,7
circulating,1
say,8
want,15
means,2
from,76
how,18
does,8
even,11
left,7
already,7
dead,3
stop,14
while,12
back,7
coz,1
every,14
single,2
time,33
orientation,1
amp,49
weak,1
seriously,4
surprised,3
considering,1
woman,3
who,19
nags,1
though,5
knows,3
won,15
there,19
soree,1
whats,1
point,3
isnt,1
supposed,5
prevent,2
isn,7
ever,19
spoiler,1
vaccinated,4
well,11
matched,1
sadly,1
explain,1
weeks,10
also,10
opthamologist,1
said,6
only,14
confident,1
worst,7
one,34
gotten,14
mother,4
nightmare,2
unedited,2
version,2
family,13
health,24
freedom,3
network,3
gotta,4
probably,4
kaitmarierich,1
fuck,7
needles,7
life,2
according,3
timehop,1
years,9
since,3
had,51
swine,5
coincidence,1
dundundun,1
monday,5
coming,7
tomorrow,8
but,52
keep,8
distance,1
everyone,18
hours,2
ago,5
throbbing,1
flushot,14
whysopainful,1
tryst,1
gov,3
comes,4
vaccines,8
anyways,2
took,6
any,7
stuff,3
brontyman,1
fail,2
doesn,6
vaccine,25
always,11
nbcnews,1
remind,5
again,17
smh,6
pediatrician,1
alone,2
more,29
scared,5
swollen,2
tuesday,4
reveals,1
facts,3
details,4
found,4
package,1
insert,1
would,16
makes,6
sense,1
friday,6
make,14
lousy,1
fatigued,1
all,43
weekend,3
completely,3
rested,1
tired,3
lame,1
gets,8
million,2
settlement,1
federal,2
injury,2
compensation,1
fund,1
tnyvqpybvp,1
gave,10
fainted,2
juliewbee,1
vaccination,11
type,3
knew,4
regret,2
stupid,7
can,40
move,2
way,12
healthranger,1
here,31
endorsed,1
ranger,1
glasses,1
elderberry,1
syrup,2
required,1
htt,1
give,12
son,5
liz,1
has,17
once,3
lifetime,1
before,12
realizing,2
they,37
ive,2
contemplating,1
howver,1
reading,4
abt,2
effects,2
deterrent,1
noflushot,1
mydecision,1
williregret,1
hope,15
anxioushippie,1
drives,1
brett,1
crazy,3
decline,1
children,9
used,4
guinea,1
pigs,1
please,16
reconsider,1
heard,3
ebola,43
hurt,8
going,16
someone,11
socked,1
ouchhhhhhie,1
wth,1
oops,3
bother,2
wash,8
hands,9
tennessee,1
anxiety,1
man,10
usually,3
super,2
sore,7
lol,15
york,2
city,4
force,2
injected,3
mercury,3
form,3
sucks,3
reasons,3
child,2
needed,5
wake,1
people,43
use,5
immune,7
system,5
believe,8
sepdumegfw,1
last,26
night,2
was,39
terrible,1
sleep,5
kept,1
waking,1
lucid,1
dreams,1
sweating,1
total,2
bummer,1
blaming,2
first,14
very,10
angry,3
hear,5
should,28
throw,1
wall,1
omg,2
uberfacts,1
made,4
society,2
useless,1
filamsd,1
sandiego,2
advises,1
protect,9
against,5
common,4
strains,2
tdap,2
right,15
both,2
arms,2
ugh,8
biggest,2
lie,2
our,13
government,3
modern,1
era,1
will,31
faith,1
carpediem,1
banurr,1
ended,3
funny,2
bmwardma,1
welp,2
breaking,3
current,3
correct,2
season,33
hurting,3
smacked,1
worth,2
pain,3
dezilagelzsazsa,1
mist,4
really,18
take,26
too,27
kicking,2
ass,2
drmicheleross,1
louis,1
cady,1
valuable,1
information,5
twice,1
having,6
report,3
falls,2
asleep,2
times,7
jsalowe,1
help,9
worse,5
annual,5
lolllll,1
course,3
dealing,1
symptoms,5
gone,4
better,19
than,27
thought,2
didn,21
gonegirl,1
signs,2
building,3
test,5
hella,2
mrdyqlxxeq,1
finally,5
sun,1
achy,2
doing,8
maybe,6
until,6
next,15
month,5
willmcavoyacn,1
see,8
tryna,1
under,3
chills,2
things,2
such,4
fucking,6
big,7
then,6
conspiracy,1
theories,1
cry,1
many,11
younger,1
adults,7
skipping,2
reuters,2
over,14
third,2
ages,4
xxolinda,1
vit,1
close,1
know,20
noshot,1
hate,7
fact,2
deamed,1
wrong,5
strain,3
glad,5
waste,1
money,1
hbapothecary,1
screwed,2
absolutely,2
enemy,1
tip,2
skip,2
college,2
dying,4
ummmm,1
whole,5
roh,2
ncdmph,1
imtacjynlo,1
yahoonews,1
numb,1
sad,1
gross,2
fml,1
morton,1
ill,3
came,3
down,8
case,1
vtawtvocfz,1
nonprofit,1
becomes,1
widespread,2
least,3
likely,2
bitch,2
awful,2
nurse,11
could,14
pointless,1
opinion,1
mattynitro,1
stopped,2
cringe,1
interested,1
ughhh,1
causes,2
polio,1
guillain,1
syndrome,1
rates,1
higher,2
admits,1
hid,1
dad,3
two,7
avoid,4
yeah,3
blood,9
drawn,3
problem,3
kellyandmichael,1
agree,1
michael,1
celebrate,2
huuurts,1
few,7
sicker,1
dog,1
either,4
vials,1
taken,2
amputating,1
seems,2
walk,7
park,2
ridiculous,3
amount,1
pneumonia,2
brought,1
ouchcharlie,1
mrcrider,1
hippie,1
what,25
haven,15
thank,8
god,5
these,7
folks,3
waltrichmond,1
cancer,1
thing,10
sides,1
juicing,1
tell,3
hell,1
johnnybalok,1
actual,1
same,9
swear,4
did,29
something,3
yea,1
nyquilforme,1
shouldn,3
xnicoleanistonx,1
wary,1
giving,9
later,2
painful,3
reason,3
joke,3
tribulationnow,1
agenda,1
nov,3
greensmithlawn,1
wondering,2
badly,1
hard,4
core,1
marketing,1
clockwork,1
scare,2
anti,2
pro,1
colostrum,1
trust,3
paralyzes,1
healthy,10
florida,1
mgpkcdqdoq,1
lehigh,1
county,6
wins,3
treatment,1
mzlixvhmxt,1
hfsvagofoy,1
ksdknews,1
idea,4
much,7
put,3
poison,2
keeps,1
texting,2
asking,3
ouch,2
yet,11
deaths,8
person,4
free,58
cause,5
ain,5
save,4
patheticfuck,1
staythefuckaway,1
hurtin,1
disappoints,1
temporarily,1
fair,3
clothes,1
brand,1
clothing,1
title,1
bruised,1
anyway,4
plan,5
andrea,1
refuses,1
wants,6
fight,4
own,2
battles,1
kills,3
most,12
others,3
yikes,1
updates,2
proven,1
dangerous,3
claims,3
john,3
hopkins,1
scientists,1
remember,7
wow,1
illuminati,1
james,2
munazzasaeed,1
hand,5
immediately,2
infected,1
agony,1
end,2
verdict,1
out,25
medical,8
experts,3
ipkerfyfcu,1
developers,1
refuse,3
themselves,1
begging,1
americans,3
their,19
chances,4
without,4
neck,1
killing,2
insist,1
bruh,2
trying,4
turn,3
into,4
zombie,1
chicagotribune,1
nearly,4
half,1
stomach,2
mess,1
forgot,3
water,2
bikinibodyguide,1
noexcuses,1
liss,1
workout,1
instead,4
allergic,1
reaction,1
become,4
deathly,2
fuckin,3
body,2
aches,2
coughing,2
important,6
concentration,1
gsk,1
highest,1
late,11
hoping,1
survive,1
cupcake,1
dwxuzfbouw,1
pray,1
boyspartan,1
olin,1
neighborhood,2
clinics,8
doctor,12
appointment,7
lsjnews,1
cases,2
rise,2
nipsryummy,1
catch,3
fade,1
send,1
tea,1
movie,1
suggestions,1
aaaaaand,1
mama,3
told,8
everything,2
seasonal,6
walgreens,14
program,1
lomargie,1
uber,8
delivers,2
demand,2
tech,3
cafetightlines,1
sweetnsvry,1
fighting,1
bug,3
swell,1
youre,2
attention,1
chill,1
carlyrm,1
special,1
services,3
available,10
essentials,1
boo,2
hiss,1
especially,2
best,10
feverish,1
vaccineswork,2
young,8
outchea,1
sounding,1
dogs,1
invincible,2
psa,1
virtually,1
unless,1
expressed,1
healthcare,2
nyc,2
https,7
losqeqqapp,1
success,1
getpager,1
happened,1
wearing,1
perfect,1
freepeople,1
shirt,1
survivor,1
lesley,1
bunning,1
saving,2
winter,8
lesson,1
jackson,1
freaking,2
crying,3
harrison,1
him,6
his,13
butt,2
hole,1
planned,1
quay,1
madison,1
leaving,1
chris,1
goes,6
where,8
ebonymhuffman,1
instagram,1
following,2
clears,1
throat,2
given,2
waiting,6
come,14
office,7
call,5
juttmnighv,1
yep,1
hadrogettheshot,1
myfoxphoenix,1
officials,3
recommend,1
allisonngrover,1
downfall,1
surprise,1
far,2
some,10
small,3
bout,2
epidemic,2
starts,1
repeat,1
cycle,1
appt,2
school,8
district,1
refused,3
lawsuit,2
hackettstown,2
regional,2
lehighvalley,1
entertainment,1
industry,1
members,1
heartburn,1
lot,2
spicy,1
crap,3
eat,2
suck,3
ibrittshelton,1
wait,5
sorry,3
harsh,2
safely,2
protects,2
getafluvax,5
lanai,1
senior,1
wednesday,2
visits,1
airjosie,1
impromptu,1
guess,5
paid,3
chatting,1
talk,2
msdh,1
number,2
viral,3
killer,2
mississippi,1
enterovirus,1
west,1
nile,1
gordonkeith,1
georgedunham,1
voted,2
bandaid,3
each,3
baby,7
woodward,1
imabiggirl,1
ihateshots,3
banda,1
uofdenver,1
dugradstudies,1
students,9
driscoll,1
bridge,1
wtvm,1
doubles,1
week,14
kind,3
liquor,1
rum,1
vodka,2
titos,1
absolut,1
gin,1
captainmorgan,1
bacardi,1
middle,2
brother,5
ecu,1
faculty,3
staff,4
cmvehtzzcw,1
marybren,1
haha,1
klbrenneman,1
bcuz,1
miserable,2
currently,2
fired,1
refusing,1
stltoday,1
offered,2
wishing,1
doctors,3
holding,4
thehoya,1
editorial,1
hilltop,1
healthier,2
injecting,1
control,2
minds,1
lmfao,1
faggot,1
kkimbrell,1
honor,1
publix,1
fun,5
part,5
nasal,4
spray,4
amazing,3
happydance,1
ensure,2
miss,3
tidbit,1
cvs,12
twiterhero,1
tifatuesdays,1
early,2
onset,1
spread,2
around,8
bjmquinn,1
afternoon,3
perspective,2
shawnhindriix,1
kendrick,1
lamar,1
music,1
niggas,2
fam,2
sawbones,1
guys,3
convincing,1
tht,1
temple,1
ecdoh,1
wellness,4
screenings,3
buffalo,1
auto,1
show,2
dates,1
paitiently,1
tricked,1
telling,1
taking,10
food,2
promised,1
victoria,1
secret,1
bathing,1
suit,1
hateneedles,1
bitter,1
sweet,2
cos,1
helps,2
tests,1
bringing,1
door,2
ride,1
service,1
app,1
content,1
sticking,1
world,3
tax,1
lrodtnvdma,1
howiemandel,1
forget,3
floating,1
panel,3
kids,9
squirt,1
alekpkwvio,1
words,2
pharmacylife,1
pharmacyprobs,1
divorces,1
criticism,1
join,1
tom,1
connor,1
ntep,1
dahl,1
sarah,1
marror,1
hitting,2
ending,3
icu,1
piercings,2
tattoos,1
died,7
related,3
shep,1
smith,1
fredrikeklundny,1
derekkaplanart,1
rarity,1
beautiful,2
fan,2
must,4
options,2
sent,2
returned,1
thursday,2
rungiarun,1
drmommycalls,1
easier,1
its,6
history,1
air,1
traffic,1
africa,2
emily,1
keeping,1
team,3
luck,3
jaleshiamarshay,1
whatever,1
covers,1
morning,8
roundup,1
con,1
sets,1
usage,1
records,1
urges,3
news,7
ted,1
shaw,1
association,1
recommends,4
task,1
strongly,1
encourages,3
sanagkmel,1
babies,1
projectjuice,1
organic,1
cold,7
pressed,1
deliciousness,1
ones,1
clubhouse,1
provide,3
minimal,1
cost,3
those,3
wanting,1
edge,1
teeth,1
cleaned,1
afterwards,1
rickatfox,2
mad,2
bonified,1
idiot,1
ahole,1
cou,1
cynthirobles,1
fort,1
wayne,1
area,5
received,2
read,2
offering,8
flue,1
protection,4
find,4
provider,1
near,2
head,2
utlcjwocwx,1
mightymur,1
running,1
saying,2
needs,3
awe,1
urinalysis,1
pst,1
happy,6
birthday,4
turndownforwhat,1
sarahkliff,2
linocoria,1
gripe,1
estoy,1
pensando,1
nunca,1
hice,1
que,2
opinas,1
asl,1
respecto,1
benefits,2
thinking,4
blessyoujesus,1
holy,1
spirit,2
covered,3
ministered,1
fluvaccine,2
insurance,5
longer,1
skydive,1
onto,1
bed,2
which,5
mind,3
timetoacttough,1
nobiggie,1
law,1
sirva,1
caused,1
tetanus,4
often,5
works,4
newtonwellesley,1
convenient,1
amylpeterson,1
canceled,1
massage,1
stay,3
wine,1
scale,1
pathetic,1
beg,1
drive,2
lex,1
hold,1
myself,8
adult,2
theellenshow,2
missed,1
davehwsb,1
calling,1
wimp,1
lindawsb,1
look,4
tuff,1
jvthdgidoz,1
holman,1
saved,1
shout,2
vomit,1
comma,1
concept,1
shenanigans,1
need,20
pat,1
walker,1
offers,4
weekday,1
uark,1
youofa,1
greatness,1
games,1
destroying,1
george,1
karl,2
sonics,1
pick,2
roll,1
duo,1
stockton,1
malone,1
miami,1
vice,1
getup,1
fgh,1
campaign,1
drschwertner,1
done,6
asap,2
wise,1
obama,3
somervillecity,1
somerville,1
dept,2
runs,2
thurs,2
jan,3
supply,1
billdeblasio,1
lwfamilycare,1
leawood,1
mesacounty,1
department,2
beque,1
collbran,1
areas,2
sammy,1
sosa,1
boutta,1
dear,3
millennial,1
snapchatting,1
snorting,1
adderall,1
seconds,1
xoxo,2
ben,1
rocktheshot,1
amydetrow,1
benedictbking,1
act,2
apologetic,1
quite,1
frankly,1
january,3
loud,1
teabaggingtech,1
else,3
anyone,2
canada,1
issues,1
production,1
memberinsurance,1
booth,1
est,1
serve,1
closed,1
laurenfulkerson,1
yes,5
homies,1
minute,1
jobsearch,1
project,1
nova,1
centers,1
knoxville,1
rite,4
aid,6
fit,1
lobby,3
bill,2
gvanhwrcuf,1
utoledosrc,1
welloween,1
ton,1
informative,1
booths,1
utwelloween,1
guaranteed,1
country,2
getyourflushot,1
hopefully,4
lord,1
quarantine,1
yourself,4
ends,1
uhs,1
cedar,1
ridge,1
medicine,2
ready,5
treats,1
supergirl,1
booster,1
smiles,1
nothing,4
welcome,3
finger,1
prick,2
tubes,1
bslegion,1
pay,3
kid,4
natural,3
wxosoterjz,1
encourage,3
liked,1
video,3
jennyscribes,1
imposed,1
nurses,3
tin,1
foil,1
hats,1
patches,3
mail,1
ttcncvpotk,1
hers,1
yours,4
sprung,1
genevaswans,1
sooooo,1
alachua,1
tmltrt,1
physical,1
couple,1
smfh,1
hit,2
salty,1
cleveland,1
flulapalooza,1
vumchealth,2
inside,5
lollypop,1
wired,1
elizadushku,1
hospitals,1
uajamie,1
allowed,1
complain,1
internet,1
therefore,1
luckyme,1
sickkid,1
steven,1
christmas,2
eve,1
nyquil,1
reports,3
death,3
infant,1
eastern,1
state,3
nativehealthphx,1
referral,1
shopmetrocenter,1
lower,2
level,2
gift,2
card,3
kmart,1
freebies,1
freestuff,1
freesample,1
steroid,1
knee,1
inflamitory,1
meds,2
tho,5
nshit,1
feeling,6
totally,2
wonderful,1
santa,4
hat,1
obtained,2
martians,1
photo,4
shoot,1
car,3
packed,1
rehearsal,1
til,2
tgving,1
vacay,1
town,4
sitting,1
minutes,4
harder,1
reported,1
boston,2
live,2
long,3
island,1
added,1
playlist,1
trolling,1
sister,5
myhealth,1
schedule,4
understand,1
chicoer,1
chico,1
emblemthree,1
livestream,1
sigh,1
pharmacist,5
ins,2
mine,5
thanksaca,1
everytime,1
volunteer,1
tear,1
maybenot,1
buzzing,1
almost,3
cdcgov,3
october,8
yay,2
vogon,1
moment,3
plenty,1
fruits,1
veggies,1
preventionhelp,1
fpwa,1
bethny,1
felixwortiz,1
exiiumyjgj,1
deonguillory,1
learning,1
flhwylzhot,1
wjbf,1
nelqdskcle,1
weekly,1
email,1
newsletter,1
saturday,4
ribbons,1
online,1
weather,4
prepped,1
power,1
outage,1
prepnow,1
washyopussyho,1
kinda,2
boyntonhealth,1
start,4
main,2
entrance,1
asthma,1
kelly,2
jean,1
hillman,1
starledger,1
grandparents,1
qtczmzzjic,1
voxdotcom,2
punched,1
phlpublichealth,1
jeffskversky,1
phillies,1
chase,2
utley,1
ballpark,1
wit,1
jensofetch,1
christians,1
yuck,1
bubs,1
drjmob,1
cvshealth,1
during,5
american,1
pharmacists,1
vgpvbdbims,1
vacation,1
stepout,1
thankyou,1
stayhealthy,1
vabiloxi,1
cola,1
veterans,2
memorial,1
vets,1
lady,1
pissy,1
true,2
mfcscwhgyv,1
nancyleegrahn,1
double,3
fever,3
blister,1
awesome,1
high,3
dose,1
protective,1
elders,1
nejm,1
study,3
dissent,1
hour,2
surrounded,1
missing,3
logic,1
featherchick,1
sure,7
pass,3
wear,4
mask,2
creedmoor,1
psychiatric,1
friend,2
judy,1
pushing,1
disease,2
ryanvaughan,1
appropriate,1
hashtag,2
yolo,2
wilw,1
shoq,1
upper,1
respiratory,1
stick,3
north,1
coast,1
assistant,1
jazmine,1
burden,1
administers,1
jeremi,1
znzcsbddge,1
begin,1
oct,5
fluvax,1
ehowardmd,1
donald,1
duck,1
sticker,3
chose,2
frozen,1
character,1
grounded,1
nah,1
royals,1
alcs,1
clearly,1
business,2
otherwise,2
cool,3
band,2
childatheart,1
tweetybird,1
vegan,1
great,7
pathmark,1
briannewcbs,1
dallas,1
slept,1
productive,1
forgetting,2
melgaralbert,1
vote,1
owes,1
ironic,1
dontwant,1
infographic,1
influenza,12
fitness,1
adhesive,1
bandage,1
commercial,1
stillkindafunny,1
deliver,1
wpekqdrwoz,1
marin,1
urge,2
public,3
flugov,1
months,4
vax,1
nye,1
thescienceguy,1
whydoisay,1
obamacare,3
looking,2
paperwork,1
realized,1
thru,2
kaiser,3
gclib,1
kroger,2
instance,1
steenfox,1
grateful,1
wiped,1
wife,2
event,2
walizercory,1
side,1
note,2
ucfhealthcenter,1
supplies,1
ucf,1
soo,2
needle,1
senses,1
alert,1
dontstickmebro,1
noshots,1
myths,3
deal,1
pharmacy,9
shopping,2
oxfsmjndum,1
keatingrogers,1
unicorn,1
luatckwbob,1
local,1
date,1
oregonian,2
icymi,1
victims,2
fill,1
pdx,1
ers,1
getaflushot,2
coverthree,1
jaypaterno,1
hated,1
bolted,1
doc,4
forcing,1
expecting,1
national,7
involved,6
ybgzyduyyh,1
rewarded,1
chocolate,1
milkshake,1
sharewik,1
fence,1
whether,1
watch,2
kanye,1
midnight,1
malls,1
alwaysbebatman,1
thejessicajames,1
arleightsl,1
sunday,1
enterovius,1
tuskegee,1
syphillis,1
experiment,1
tamiflu,1
shortest,1
feet,1
walked,1
changed,1
favorite,1
favoriting,1
pump,1
hahaha,2
deep,2
freeze,1
paw,2
standoff,1
consumers,1
energy,1
fire,1
blackouts,1
crucial,1
pop,1
quiz,1
comiendoenla,1
verdad,1
una,1
linda,1
iniciativa,1
facilmente,1
podemos,1
colaborar,1
recibiendo,1
nuestro,1
tylenol,1
taste,1
straight,1
behrend,1
offer,3
charge,2
employees,2
spouses,1
beginning,2
sept,1
patron,1
donjulio,1
tequila,1
fireball,1
jennihilton,1
fcschoolsga,1
forsythco,1
age,5
rel,1
activist,1
record,1
numbers,1
line,2
media,1
hypes,1
activistpost,1
riverhawksports,1
nation,1
teamnsu,1
los,1
angeles,1
physicians,1
prepare,1
netxhkhlbc,1
halloween,2
candy,1
displays,1
commercials,1
calm,1
degrees,1
quickly,1
receive,2
tips,2
decide,1
flavor,1
thinks,1
coward,1
cuz,2
morn,1
fragile,1
gotacoupon,1
germs,3
bring,5
daily,2
cxekocbqcx,1
rccrimewatch,1
apparently,4
fellow,1
tweeters,1
let,7
sids,1
niggaz,1
smooth,1
yearly,1
along,1
scarier,3
zzlppilvvh,1
points,1
bat,1
seatbelt,1
sunscreen,1
furiousnurse,1
shargreg,1
occupycorruptdc,1
minuteclinic,2
aspkfuwnwr,1
watching,1
hey,3
denial,1
truth,1
profession,1
losing,1
virginity,1
boooooooo,1
nice,2
minus,1
excursion,1
packard,1
riteaid,1
garage,1
class,2
ask,2
convo,1
advice,2
panic,1
instea,1
flathead,2
hosts,1
kalispell,1
held,1
mass,1
byronyork,1
quit,1
worrying,4
famous,1
brigham,1
sue,1
mandate,2
tkhxilybxn,1
bostonglobe,1
teaparty,1
tcot,1
tlot,1
gop,1
definitely,3
second,2
dies,2
dysentery,1
havin,1
evil,1
whipped,1
market,1
street,2
trustnoone,1
rest,3
wkbw,1
aka,1
grown,1
mia,1
lost,2
iguessitsthegym,1
eating,1
cant,2
damned,1
freak,1
healthde,1
activity,2
increasing,1
across,2
quarantined,1
guy,3
nicely,1
toledopotslady,1
potential,2
problems,1
dys,1
btw,1
lived,1
toledo,1
love,6
happening,2
wbir,1
deemartinellii,1
yglgwgntjj,1
retailers,1
walgreen,1
provided,1
enough,2
carestream,2
cafeteria,1
rochester,1
rgcnfujlrs,1
check,11
noouchie,1
endhasarrived,1
nerves,1
mean,3
rabies,1
different,2
joined,1
create,1
wanna,1
bensprague,1
bangor,1
community,2
bucks,1
hot,1
texas,1
ave,1
fridays,1
didnt,3
wdohqixyeo,1
thegarance,1
blasio,2
answers,1
kristiemacris,1
lilmysninja,1
allergies,1
full,2
recoverybits,1
taaylerrrae,1
hamstring,1
mum,1
recovered,1
kill,2
brch,1
dental,1
physicals,1
february,2
rosman,1
place,2
voluntarily,1
drove,1
vlxkjwksjs,1
legacy,1
portland,1
veteransday,1
msprimeur,1
utemim,1
boost,1
immunity,1
types,2
draw,1
visit,3
amen,1
nytimes,1
vabvox,1
pls,2
spreading,1
forganysarah,1
cast,1
serious,2
immunization,1
selfim,1
sanchadelic,1
wish,1
positive,1
spades,1
white,3
cells,1
armed,1
shotguns,1
suppose,1
vitamin,2
alternative,1
debilitating,1
illnesses,1
oqkhwtbflf,1
focusonflu,2
listen,1
therealshapepsi,1
major,1
caring,2
bitching,1
gettin,1
try,4
diabetic,1
oktalk,1
forbes,1
lucky,1
annually,1
caught,2
centracare,1
restocked,1
lisacianci,1
tried,1
aint,1
scurred,1
microchip,2
ruins,1
augments,1
needa,1
worsens,1
fla,1
group,2
affected,1
searlenaf,1
cdiow,1
deserves,2
oscar,3
performance,2
xomaycie,1
buzzfeed,1
princess,1
leia,1
upon,1
seeing,1
probe,1
darth,1
vader,1
star,1
protocol,1
sponsored,2
forgotten,1
three,1
hatebeingsick,1
getyourflushots,1
mckinneykelsey,1
demanded,1
brave,1
requisite,1
sucker,1
necessary,3
valid,1
boofaunit,1
anybody,2
easton,1
kaylie,1
jntcaldgdo,1
routinely,1
peak,1
rough,1
pharmproblems,1
called,3
begins,1
min,1
sarahjanet,1
leah,1
met,1
pinch,1
cute,2
view,2
downtown,1
manhattan,1
earlier,1
doe,1
muhhfuckas,1
bein,1
naps,1
wonder,2
fastest,1
growing,1
demographic,1
embrace,1
between,4
were,3
grocery,1
store,1
mus,1
fastcoexist,1
replace,1
patch,2
justforyoumom,1
southern,1
university,1
cover,2
ladys,1
posing,1
room,3
pictures,1
studio,1
regis,1
greg,1
lapalater,1
goodness,1
kellyripa,1
beshear,1
screaming,1
videoed,1
pride,1
yelled,1
bleeding,1
desk,1
bought,1
drake,1
album,2
yum,1
preventative,2
publichealth,2
immunize,1
learn,1
uwmxkvqzzg,1
ghemithunts,1
lines,1
cnt,1
anymore,1
scares,1
wfvcrsjvnz,1
ghost,1
unlocked,2
amu,1
floor,1
bit,1
thefoodbabe,1
valenti,1
umc,2
ceo,1
board,1
meeting,2
promote,1
prevention,2
cbs,2
atlanta,1
preach,1
everyday,1
alliance,1
orange,2
lime,1
juice,2
bostondotcom,1
palo,1
alto,1
california,1
traditional,1
injections,1
replaced,1
self,2
administered,1
painless,1
student,2
roess,1
dining,1
hall,2
afewjexwif,1
target,2
foods,1
funky,1
surgery,1
uajbctzfff,1
commons,1
brendohare,1
petrified,1
unlike,1
easily,1
transmitted,1
imdrinkingthis,1
likeyourliquor,1
jerseyrum,1
turkeyflu,1
fix,1
filling,1
afraid,1
doctorate,1
degree,1
spent,1
results,1
coincidental,1
dawson,1
foot,1
lay,1
ups,1
nose,1
cometotheporch,1
pearljam,1
oldladystatus,1
gooooo,1
anything,1
okay,2
bite,1
measures,1
kpnx,1
trisha,1
hendricks,1
advertising,1
executive,1
qyhbcuqhqs,1
brokelyn,1
smokedouterk,1
hardest,1
illy,1
none,1
northshorelij,1
lmezdippoh,1
maddie,1
flushotshoutout,1
stubborn,1
brb,1
mild,1
egg,2
allergy,2
paying,2
bloodwork,1
sobkthupbu,1
chukiewookie,1
despite,1
real,3
peaks,2
wernerwolffy,1
ritaleann,1
sickspense,1
leclearshot,1
plus,2
outside,2
cuddled,1
stellar,1
plz,1
grasp,1
reasoning,1
cmdebirose,1
airborne,1
thousands,1
rcshops,1
nmhnews,1
open,1
collection,1
parking,1
lollipop,1
aschweig,1
unwitting,1
carrier,1
ayyyee,1
access,1
staffing,1
llc,1
rns,2
melville,1
nettempsjobs,1
praying,1
babygirl,1
bunches,1
period,2
ouchy,1
nothin,1
aftermath,1
bro,1
unhealthy,1
meal,1
gym,1
yummy,1
meeksays,1
suddenly,1
poured,1
whiskey,1
claimed,1
steve,1
peteskerritt,1
spacekappa,1
magfest,1
respirator,1
frugal,1
savingexp,1
flashgirl,1
yrs,1
row,1
baffled,1
fuckoff,1
levitytv,1
scam,1
kristinkle,1
teamtinkle,1
comedy,1
starburst,1
ole,1
sblackmoore,1
ebolaczar,1
fairoakstrader,1
changes,1
easy,2
grab,1
prescription,1
fooled,1
tis,1
sarahmaclean,1
gods,1
sake,1
headline,1
yourenotgett,1
ascendbpo,1
contact,1
billing,1
rela,1
square,1
looks,3
crowded,1
germy,1
jenny,1
mccarthy,1
struggle,1
kno,1
mkrqihfdzh,1
game,1
strong,2
party,3
saveyourself,1
vaccinate,1
buy,1
round,1
everybody,1
ungrateful,1
flushots,1
yduzxomzpj,1
tatiarocha,1
challenge,1
funwithrx,1
bigwig,1
mindyreher,1
annickvinson,1
south,1
hill,1
mall,1
puyallup,1
dropping,2
temperatures,1
stories,2
increase,1
lmao,1
champaignfamily,2
patient,1
allenpark,1
tybg,1
poor,1
henry,1
ford,1
waltham,1
info,1
meetings,1
therapies,1
grandma,1
tgm,1
biometric,1
panger,1
rynszlg,1
autistic,1
controlled,1
covert,1
agent,1
seattlechildren,1
seattlemamadoc,1
explains,1
recommendations,1
jlwoj,1
rapidly,1
approaching,1
links,1
qudvvqsfnh,1
loymqypdam,1
chelsearanaee,1
washyourhands,1
subway,1
reminds,2
hottie,1
deerfieldmapd,1
briefing,1
eds,1
drill,1
yankee,1
candle,1
updated,2
jdrf,2
simply,1
present,1
flyer,1
johnkinatl,1
worried,1
prevents,1
nasty,1
sit,1
started,3
outbreak,2
colds,1
regularly,1
assume,2
nikkihaley,1
killed,1
justsayin,1
tyson,1
chandler,1
dam,1
vitamins,1
kalazeee,1
bet,1
firsttimer,1
hmm,1
decisions,1
alive,1
barnesjewish,1
bustudenthealth,1
rhett,1
gsu,1
alley,1
deanelmore,1
sao,1
holidays,1
risk,1
peter,1
ellis,1
holidayhealth,1
bar,1
jokes,1
farm,1
fresh,1
allyblackmon,1
buttons,1
remote,1
due,1
goodgrief,1
broadway,1
kcmo,1
niqqies,1
change,2
ish,1
permanente,2
partners,1
finder,2
wpwsxzahrn,1
browardhealth,1
broward,1
urgent,1
plantation,1
coral,1
springs,1
locations,1
explicitly,1
spite,1
yeahhh,1
dailypaul,1
nymag,1
fears,1
driving,1
yorkers,2
everthing,1
blessed,2
itsavirus,1
frfr,1
lysol,1
etc,1
vallejo,2
kpnorcal,1
cxezdvjrrp,1
immediate,1
brooklyn,2
glamtazsmummee,1
klddsml,1
teachers,1
rule,1
preschoolers,1
curbs,1
samueloakford,1
convinced,1
basically,1
bane,1
existence,1
goin,1
ham,1
tough,1
cried,1
doximity,1
vmshelpinghands,1
joshpresti,1
step,1
phone,1
highly,1
anticipated,1
several,2
locate,1
site,1
afford,1
starting,2
cash,1
hobo,1
quartet,1
leshmami,1
rawliving,1
natures,1
delivery,1
dancing,1
chicken,2
pox,1
newjobprobs,1
uptodate,1
poke,1
joshuakcooper,1
based,1
protein,1
staying,1
nashredcross,1
antiangie,1
jonniker,1
snoozical,1
alexaflotsam,1
employee,1
ideally,1
meijer,1
amanda,1
schaetzke,1
prepared,1
ahead,1
daryldixon,1
wwwbigbaldhead,1
thewalkingdead,1
mea,1
administer,1
fee,1
chamber,1
flowood,1
metropulse,1
felling,1
arlenarlenarlen,1
motherfuckers,1
precious,1
debating,1
napping,1
turnt,1
danwho,1
pemulis,1
stew,1
speak,1
uastudenthealth,1
states,1
biometrics,1
wander,1
wasnt,1
parent,1
wasn,1
smart,1
gigs,2
chi,1
chicago,2
fist,1
bump,1
greeting,1
happens,1
dncqmdbymq,1
luistrib,1
giant,1
upmc,1
workers,1
clinical,1
campus,2
ihifuyachm,1
sort,1
wtf,2
stress,1
lpns,1
ind,1
indianapolis,1
whoo,1
safeway,1
incentives,1
holyscandle,1
boss,2
playing,1
ponies,1
uncoolguy,1
nooo,1
passing,1
considered,1
kim,1
johnmscott,1
lock,1
closet,1
fearing,1
frightened,1
cnn,1
royersford,1
conigs,1
mfinney,1
rosie,1
tamaflu,1
employment,1
gives,1
voucher,1
clients,1
alittle,1
dloesch,1
drxboston,1
friends,2
drxsaugus,1
another,1
curb,1
using,1
antimicrobial,1
dollarcoins,1
typically,1
feb,1
safe,2
complications,1
fightflu,1
resources,1
exhibitors,1
worthwhile,1
representing,1
leading,1
goal,1
hoykldimfg,1
award,1
asked,1
trouble,1
amelia,1
brisayers,1
egsayers,1
indiana,1
nana,1
lap,1
sambuca,1
gungxjpgqm,1
participating,1
miufcw,1
preventive,1
protected,1
ncmc,1
provides,1
greeley,1
cpt,1
revised,1
chronic,1
management,1
codes,1
shock,1
motivation,1
homework,1
stopping,1
rec,1
smoothie,1
king,1
henriconews,1
henrico,1
dumbarton,1
elem,1
hungary,1
spring,1
iumedschool,1
iupui,1
iunewsrom,1
depth,1
article,3
interesting,2
adequate,1
amounts,1
update,2
five,1
gotmyflushot,1
lives,1
neighbor,1
dailyilliniads,1
flier,1
nancygracehln,1
terrified,1
nxwejyxfua,1
rubbing,1
bunch,2
essential,1
oils,1
skin,1
shayded,1
seaon,1
older,1
friendly,1
reminder,1
qpowcrgqog,1
visiting,1
jake,1
anthony,1
mentioning,1
takes,1
tfuomrsihp,1
memphonewslady,1
reporting,1
donated,1
dollar,1
fancy,1
sir,2
hello,1
expect,1
laugh,2
sciencebitch,1
confirmed,1
arkansas,1
arnews,1
rohmontgomery,1
untouchable,1
shake,1
hop,1
fujabo,1
short,1
list,1
prep,1
grading,1
cleaning,1
cooking,1
oil,1
emails,1
notes,1
bills,1
freelance,1
sewing,1
herd,1
interacted,1
verisimilitude,1
descriptions,1
valley,1
amazement,1
amytan,1
spanish,1
led,1
strip,1
skivvies,1
agencies,1
appears,1
crappy,1
effect,1
upcoming,1
opportunity,1
frustrated,1
hobbylobby,1
mcdonalds,1
worker,1
hannah,1
moes,1
fuuuuh,1
talkin,1
karma,1
aahealth,1
appointments,1
highdose,1
parole,1
mix,1
acv,1
tsp,1
camu,1
powder,1
drink,1
navitasnaturals,1
staywell,1
lil,1
teething,1
sorryhomie,1
pregnancy,1
doct,1
hickory,1
council,1
aging,1
wsoc,1
charlotte,1
daughters,1
name,1
names,1
texans,1
vulnerable,1
jimvicevich,1
rolling,1
guard,1
kyle,1
seem,1
legit,1
kidshealth,1
tmana,1
dsma,1
michaeldick,1
stamps,1
excuse,1
extra,1
masonchiro,1
backed,1
annoying,1
solid,1
research,1
meninisttweet,1
november,1
jacket,1
erdone,1
working,1
soooo,1
snuggle,1
sesh,1
fluffball,1
rumor,1
european,1
upmlogcjax,1
confused,1
ebolaforum,1
microneedle,1
simple,1
analysis,1
starbucks,1
showing,1
quick,1
aids,1
prolly,1
snappin,1
house,1
cardinal,1
carryor,1
fenwayhealth,1
uninsured,1
borum,1
mon,1
wed,1
fri,1
tues,1
bethbridges,1
dedicated,1
google,1
trends,1
page,1
lsnmsvqmsg,1
yvkanejanr,1
exaggerating,1
faints,1
biggirls,1
diana,1
barnard,1
whichever,1
aboutdotcom,1
referring,1
holiday,1
kfc,1
finds,1
immunized,1
voluntary,1
immu,1
resolution,1
fear,1
official,1
tells,1
bidjaacmtw,1
cxrdsxohky,1
immunizebc,1
mid,1
rippleforward,1
remembered,1
unexpectedly,1
