user Id,tweet,created_at,state
20816085,Did you get your flu shot? Two people in Fresno County have died from the virus. - http://t.co/XV1IC0Q8Bj,Wed Jan 28 00:01:18 +0000 2015,California
25105436,"#AskPOZ: I'm #HIV positive, so is it safe for me to get a flu shot? http://t.co/KdUz7z7niz",Wed Jan 28 00:01:21 +0000 2015,New York
1912995835,"‚Äú@pozmagazine: #AskPOZ: I'm #HIV positive, so is it safe for me to get a flu shot? http://t.co/NQg2tZf73P‚Äù",Wed Jan 28 00:02:18 +0000 2015,illinois
221388541,@Mango1531 Flu puts large numbers of elderly and infants in hosp and kills many. Preventing those is a major reason to get the shot.,Wed Jan 28 00:15:55 +0000 2015,New York
502743360,RT @7SealsOfTheEnd: WARNING: Flu Shot Drug Pandemrix Will Destroy Your Life http://t.co/05smFEGyLV,Wed Jan 28 00:19:39 +0000 2015,
80857088,Why are so Many Healthy People Dying from the Flu After Receiving the Flu Shot? - See more at: http://t.co/X1ZkP4SiXU,Wed Jan 28 00:30:26 +0000 2015,Virginia
865242169,Flu shot hoax admitted: http://t.co/IrYsNXFkE6,Wed Jan 28 00:39:08 +0000 2015,Florida
865242169,"Flu shot hoax admitted: ""No controlled trials demonstrating a decrease in influenza"" - http://t.co/b8tuPxJUOh -... http://t.co/aOUwWV9DJ7",Wed Jan 28 00:40:24 +0000 2015,Florida
128641320,Flu shot hoax admitted: ‚ÄúNo controlled trials demonstrating a decrease in influenza‚Äù http://t.co/XkFAitmp38 #News http://t.co/3y8F1v1dmj,Wed Jan 28 00:59:35 +0000 2015,New York
27179031,Meds wearing off.... Ughhhh the flu sucks anddddd the flu shot was a joke this year!!üòíüò°üò°üò†üò†,Wed Jan 28 01:12:17 +0000 2015,texas
420618765,guess I should've gotten that flu shot...,Wed Jan 28 01:12:42 +0000 2015,
712951735,Just got a flu shot for a stand up üíâüíâüíâ #broadcast #journalist #perfect #numb,Wed Jan 28 01:17:33 +0000 2015,texas
61359815,I never had a flu shot üòÇüòÇüòÇ @TheEllenShow http://t.co/O4p9Ldi9cc,Wed Jan 28 01:20:35 +0000 2015,pennsylvania
226338491,A flu shot has rendered me unable to lift my arms above my head to wash my hair so therefore not showering tonight is valid,Wed Jan 28 01:29:40 +0000 2015,Ohio
265187672,"Flu shot hoax admitted: ""No controlled trials demonstrating a decrease in influenza"" - NaturalNews http://t.co/u1itAnci9K via @HealthRanger",Wed Jan 28 01:45:37 +0000 2015,Utah
38021037,"Flu shot hoax admitted: ""No controlled trials demonstrating a decrease in influenza"" http://t.co/5e9ntzVcSp",Wed Jan 28 01:49:10 +0000 2015,North Carolina
616520672,"RT @qoopaklub: Episode 67 is out, just in time to give you something to listen to while in line for a flu shot. http://t.co/1vGCovEPt1",Wed Jan 28 01:50:51 +0000 2015,Colorado
2379194707,@danaotr @sidnew47 my Dad is allergic to eggs and can't get Flu shots,Wed Jan 28 01:51:16 +0000 2015,Louisiana
439473806,"First year not getting a flu shot, and I just tested positive for Influenza A. I deserve this...",Wed Jan 28 01:55:55 +0000 2015,Nebraska
19663477,RT @iris_messenger: #racist? #snoopycain: RT RockNHot1: CVS Flu Shot Kills 23 Seniors: http://t.co/SbnkcEXZ4B      via YouTube #cdcwhistleb‚Ä¶,Wed Jan 28 01:56:53 +0000 2015,Ohio
16207688,"Get a flu shot, kids.",Wed Jan 28 02:10:46 +0000 2015,Kentucky
2842396104,"@SCMP_News @work8765 The flu loves mass populations like HK, get a flu shot.",Wed Jan 28 02:11:11 +0000 2015,South Carolina
111042628,CNN: CDC: Flu shot less effective this year because current virus has mutated http://t.co/jWnCgFbOdE,Wed Jan 28 02:12:22 +0000 2015,Florida
2998451675,You probably shouldn't get your flu shot,Wed Jan 28 02:36:59 +0000 2015,Pennsylvania
327787560,RT @Burke31Tanner: Everyone gets the flu.. But I have never had a flu shot and never get sick sooo.,Wed Jan 28 02:41:28 +0000 2015,Oklahoma
17090121,RT @HBKBrandon: I really think I'm getting sick bc I lied and said I couldn't get the flu shot for religious reasons at work,Wed Jan 28 02:48:18 +0000 2015,Ohio
156698001,"RT @HealthRanger: #Flu shot manufacturer confirms that there are ""no controlled trials"" demonstrating flu shots work at all: http://t.co/BQ‚Ä¶",Wed Jan 28 02:51:30 +0000 2015,North Carolina
2877468304,RT @Mofmars333: Why flu shots are the greatest medical fraud in history http://t.co/7jAhzyq202 via @HealthRanger #CDCwhistleblower,Wed Jan 28 02:57:19 +0000 2015,Florida
184917181,RT @loveserenalinda: How is it I'm freezing to death &amp; hot as hell at the same time? The flu is death guys. Death. &amp; I got my flu shot. üò≠,Wed Jan 28 03:01:14 +0000 2015,Texas
260920761,RT @Mofmars333: Why flu shots are the greatest medical fraud in history http://t.co/7jAhzyq202 via @HealthRanger #CDCwhistleblower,Wed Jan 28 03:08:16 +0000 2015,Pennsylvania
260920761,RT @Mofmars333: Dr. Russell Blaylock Warns: Don't Get the Flu Shot ‚Äî It Promotes Alzheimer's http://t.co/GQbJlJ8m1N  #CDCwhistleblower,Wed Jan 28 03:08:24 +0000 2015,Pennsylvania
19663477,RT @Mofmars333: Why flu shots are the greatest medical fraud in history http://t.co/7jAhzyq202 via @HealthRanger #CDCwhistleblower,Wed Jan 28 03:13:46 +0000 2015,Ohio
19663477,RT @Mofmars333: Dr. Russell Blaylock Warns: Don't Get the Flu Shot ‚Äî It Promotes Alzheimer's http://t.co/GQbJlJ8m1N  #CDCwhistleblower,Wed Jan 28 03:13:50 +0000 2015,Ohio
894100693,RT @NKCHospital: You got a flu shot. You washed your hand 100x/day. You still got sick. Tips for feeling better. #naturalremedies http://t.‚Ä¶,Wed Jan 28 03:31:47 +0000 2015,Missouri
485308100,So I got my #flu shot then immediately after got the worst flu of my life...two weeks misery and two more of yuck. Coincidence?,Wed Jan 28 03:40:43 +0000 2015,California
83057554,"@nickydcooks I am good. Getting over a cold. I know, sick twice in 3 weeks, even WITH having gotten a flu shot a couple of months ago. Ugg",Wed Jan 28 03:42:14 +0000 2015,california
20828188,Real Talk on Preventing the Flu: Did You Get Your Flu Shot? http://t.co/r4eYhzkcJU,Wed Jan 28 03:42:56 +0000 2015,District of Columbia
36468280,"Hey, how about a flu shot.  I get mine cuz flu sucks! http://t.co/MMuYKOwQNe",Wed Jan 28 03:47:51 +0000 2015,California
20828188,Real Talk on Preventing the Flu: Did You Get Your Flu Shot? http://t.co/QfRnIaY7Ot on @bloglovin,Wed Jan 28 03:55:52 +0000 2015,District of Columbia
190003062,Do yall get flu shots? I never have. Should I?,Wed Jan 28 03:57:18 +0000 2015,washington
18444618,Do athletes ever get flu shots?,Wed Jan 28 03:59:56 +0000 2015,California
14952378,@scotthdc yeah. Definitely getting my flu shot next season,Wed Jan 28 04:00:00 +0000 2015,California
24475341,"@waltbiondi Hope you get well soon, yes the flu shot was ineffective this year.",Wed Jan 28 04:02:34 +0000 2015,Utah
228547069,@LisaVanderpump  you are too fabulous not to get a flu shot!,Wed Jan 28 04:03:13 +0000 2015,Florida
304832872,RT @thecommonseshow: Flu shot hoax admitted: ‚ÄúNo controlled trials demonstrating a decrease in influenza‚Äù: by‚Ä¶ http://t.co/gDGyvlOwfd,Wed Jan 28 04:04:03 +0000 2015,Arizona
35215239,Got a flu shot for the first time in my life today &amp; my arm is so sore.. If it wasn't for L I wouldn't have got it..,Wed Jan 28 04:05:57 +0000 2015,Michigan
74843643,@CatPurtill I'd let you give me my flu shot any day,Wed Jan 28 04:07:06 +0000 2015,New York
38611411,Forcing Natalie to get a flu shot üíâüíâ,Wed Jan 28 04:07:12 +0000 2015,California
23802723,Thompson has missed his last three shots. Maybe he‚Äôs got the flu too.,Wed Jan 28 04:07:18 +0000 2015,California
246226421,RT @Mofmars333: Dr. Russell Blaylock Warns: Don't Get the Flu Shot ‚Äî It Promotes Alzheimer's http://t.co/GQbJlJ8m1N  #CDCwhistleblower,Wed Jan 28 04:08:08 +0000 2015,Texas
342303585,RT @H00PINATI: Someone gotta go give Jimmy a vitamin C shot and tell him to suit up cause this bout to be his Flu game whether he likes it ‚Ä¶,Wed Jan 28 04:14:02 +0000 2015,Illinois
2616102879,RT @H00PINATI: Someone gotta go give Jimmy a vitamin C shot and tell him to suit up cause this bout to be his Flu game whether he likes it ‚Ä¶,Wed Jan 28 04:14:11 +0000 2015,California
218981783,http://t.co/vhY12FYx6l 65% efficacy for vaccinated without previous flu shots within 5 years? So interesting.,Wed Jan 28 04:14:23 +0000 2015,California
112961565,RT @H00PINATI: Someone gotta go give Jimmy a vitamin C shot and tell him to suit up cause this bout to be his Flu game whether he likes it ‚Ä¶,Wed Jan 28 04:14:39 +0000 2015,New Jersey
39504072,Flu shot hoax admitted: http://t.co/x6lYWLw6yB,Wed Jan 28 04:19:59 +0000 2015,Wisconsin
749568632,bogut needs to get a damn flu shot,Wed Jan 28 04:27:44 +0000 2015,California
900911324,So my parents force me to get a flu shot then I get sick the next day this is there fault,Wed Jan 28 04:29:51 +0000 2015,New York
556444084,The one year I don't get my flu shot because apparently it wasn't very effective this year is the one time I get the flu.,Wed Jan 28 04:46:06 +0000 2015,California
30396391,"Professional athletes should be required to get the flu shot. You asshole, Bogut. Lost me 4 contests.",Wed Jan 28 04:50:12 +0000 2015,Texas
16812696,"#FluFighter #YouTube Mike Samet, HCPH PIO, gets a Flu Shot&gt;&gt; Quickly and Painlessly! Get Yours Today! http://t.co/30R2E9UKx0",Wed Jan 28 04:55:14 +0000 2015,Ohio
73654065,CDC caught inflating flu deaths to sell more vaccs. http://t.co/XcrQSUhtTT   http://t.co/zXEyOmZ0cK  Flu shot hoax   http://t.co/jyZJR1c9jA,Wed Jan 28 05:00:12 +0000 2015,Pennsylvania
547882459,Suitemate has the flu and I never got a flu shot üòäüòäüòäüòäüòäüòä,Wed Jan 28 05:01:26 +0000 2015,tennessee
322912837,RT @Cheeseboy22: Just got a flu shot at Walgreens which is perfect because that's where I normally get the flu.,Wed Jan 28 05:02:40 +0000 2015,Virginia
23386530,@tmwinsett @mylifeasprose @larrywilmore @nightlyshow Right?? I gotta think of better ones. I asked him if he had the flu shot.#KeepIt100,Wed Jan 28 05:05:09 +0000 2015,pennsylvania
15491015,"Im def not an anti vaxxer, but i never get the flu shot lol. I also never get the flu. i get my shot for everything else tho!",Wed Jan 28 05:10:30 +0000 2015,Tennessee
2547100933,Debating whether or not to get the flu shot while pregnant. The ingredients of even the preservative free version is scary.,Wed Jan 28 05:13:20 +0000 2015,California
19678336,"I feel like y'all know this but just in case, let there be no doubt: I got a flu shot.",Wed Jan 28 05:22:36 +0000 2015,utah
21165298,"@boltonnut Oh man poor guy! Well I don't get flu shot anyways, and they may do it differen now.",Wed Jan 28 05:25:30 +0000 2015,Florida
153692738,10 REASONS WHY FLU SHOTS ARE MORE DANGEROUS THAN A FLU... http://t.co/R6gMZKC1XL,Wed Jan 28 05:27:42 +0000 2015,New York
21986719,10 REASONS WHY FLU SHOTS ARE MORE DANGEROUS THAN A FLU | World http://t.co/5jZTjZw7mM http://t.co/3mbxfwcQPg,Wed Jan 28 05:34:23 +0000 2015,Indiana
28152875,@ThompsonScribe mental error. I think he has the flu. His shot is way off.He is not thinking right,Wed Jan 28 05:51:00 +0000 2015,california
14354772,I don't care about the scientific validity of this statement: The flu shot makes you get sick.,Wed Jan 28 06:20:23 +0000 2015,California
437216421,I didn't get my flu shot and now I'm sure I'm getting sick but hey at least I didn't contract autism right guys? #OneBoldChoice,Wed Jan 28 06:23:57 +0000 2015,michigan
438031020,After Justin flu shot üëÄüíâüíâ he got a reward üòáüòÅ @ Children's Hospital Los Angeles http://t.co/pqqvexfokp,Wed Jan 28 06:33:42 +0000 2015,
601688662,10 REASONS WHY FLU SHOTS ARE MORE DANGEROUS THAN A FLU | World http://t.co/CosOoufulZ http://t.co/746vXzFlX9,Wed Jan 28 06:41:50 +0000 2015,Texas
565849484,"@_DanielRz_ Kids face says it all. But seriously, pre-tip flu, no 3s after half, no lee in OT, Klay missed a shot.  A lot of WTF going on",Wed Jan 28 06:56:55 +0000 2015,California
60863039,Flu shot hoax admitted: http://t.co/bRcWuaBGaW,Wed Jan 28 06:57:15 +0000 2015,California
850092739,"Schertz health fair to offer free screenings and flu shots: The fair will offer vendors and specialists, Titte... http://t.co/EE92snAb0c",Wed Jan 28 07:26:21 +0000 2015,Missouri
407374102,@SeherzadaR when I see numbers and facts then I'd start thinking about it more only shot adna didn't get is the flu shot,Wed Jan 28 07:38:42 +0000 2015,Illinois
407374102,@SeherzadaR because my doctor told me this year 60% of people who got the flu shot still got the flu,Wed Jan 28 07:39:56 +0000 2015,Illinois
1535005748,@kuhtreen_ did they give you a flu shot?,Wed Jan 28 07:44:32 +0000 2015,Washington
485628566,#SanFrancisco  http://t.co/1UGMMLtB39 Question: Do you get a flu shot?,Wed Jan 28 08:00:01 +0000 2015,Texas
2872339756,"RT @HealthRanger: #Flu shot manufacturer confirms that there are ""no controlled trials"" demonstrating flu shots work at all: http://t.co/BQ‚Ä¶",Wed Jan 28 08:21:44 +0000 2015,Minnesota
115221745,"Flu shot hoax admitted: ""No controlled trials demonstrating a decrease in influenza"" http://t.co/ujJTqrog3f",Wed Jan 28 08:26:04 +0000 2015,Texas
1418807532,Schertz health fair to offer free screenings and flu shots #SanAntonio http://t.co/r6Pep9AmCU,Wed Jan 28 08:49:03 +0000 2015,
805905451,RT @billg1963: Flu shot hoax admitted  http://t.co/GUOj0iOKPJ Everyone start demanding to see the insert sheet.,Wed Jan 28 09:28:20 +0000 2015,
17833758,"Flu shot hoax admitted: ""No controlled trials demonstrating a decrease in influenza"" - http://t.co/78unyIuhSv http://t.co/tDJizBWogT",Wed Jan 28 10:00:26 +0000 2015,Massachusetts
16458959,"Dear Science,
I had one job: get my flu shot. You had one job: make a flu shot for all strains. I did my job. You did not. #fail #deathsdoor",Wed Jan 28 10:25:34 +0000 2015,Connecticut
20639494,"Flu shot hoax admitted: ""No controlled trials demonstrating a decrease in influenza""
Learn more: http://t.co/fBaUL6J4QE",Wed Jan 28 10:28:29 +0000 2015,Florida
62147616,"@janamurray Flu shot hoax admitted: ""No controlled trials demonstrating a decrease in influenza""  http://t.co/jJlVnrLwzZ @Libertypoet",Wed Jan 28 10:53:27 +0000 2015,
194152344,RT @FatCatAnna: So much for flu shot-my DH is ill-hoping I don't get hit with it-as it's not fun when you have #T1D #diabetes #DOC http://t‚Ä¶,Wed Jan 28 11:43:08 +0000 2015,New York
26604618,"Flu shot hoax: ""No controlled trials demonstrating a decrease in flu"" - http://t.co/duvyCKBHp3 http://t.co/QMngX4gb8l via @HealthRanger",Wed Jan 28 12:04:21 +0000 2015,Pennsylvania
447085006,"Flu shot hoax admitted: ""No controlled trials demonstrating a decrease in influenza"" - http://t.co/J9NCuacUKa http://t.co/zmOPEkuqXB",Wed Jan 28 12:06:17 +0000 2015,New York
17147215,"Flu shot hoax admitted: ""No controlled trials demonstrating a decrease in influenza"" - http://t.co/fDaF4ZWhzT via @HealthRanger",Wed Jan 28 12:44:24 +0000 2015,Ohio
20828188,Did your #asthma sufferer get a flu shot? There's still time! Check out our #FightFlu Real Talk for more info! #ad http://t.co/tbf23oLhd8,Wed Jan 28 12:51:49 +0000 2015,District of Columbia
14913547,"Flu shot hoax admitted: ""No controlled trials demonstrating a decrease in influenza"" - http://t.co/lYyzQjlRWS #tcot",Wed Jan 28 12:55:43 +0000 2015,Pennsylvania
24428962,Explained flu shot to a kid &amp; somehow she now thinks flu means you have worms. #fail #tooearly,Wed Jan 28 12:59:55 +0000 2015,South Carolina
14617549,"@friedrichsgroup wife &amp; kiddo both got flu. Wife was real sick. I got shot &amp; didn't get sick üëç But, that's made me the caretaker each time!",Wed Jan 28 14:26:00 +0000 2015,Pennsylvania
525737003,@Dr_Berglund whoa Dr b. This is crazy... So this means the flu vaccine does nothing for us if we get the shot? Or means thy hve no proof?,Wed Jan 28 14:28:25 +0000 2015,Ohio
303909647,Why are so Many Healthy People Dying from the Flu After Receiving the Flu Shot? http://t.co/RaTwexPPBq,Wed Jan 28 14:32:06 +0000 2015,California
224401856,RT @Beyond_Science: Why are so Many Healthy People Dying from the Flu After Receiving the Flu Shot? http://t.co/RaTwexPPBq,Wed Jan 28 14:33:51 +0000 2015,Texas
93699675,Flu shot should mean you don't catch the flu?  Not so much.,Wed Jan 28 14:36:05 +0000 2015,Massachusetts
366775932,"Don't let the flu happen to you! Call the Wellness Center to schedule a flu shot, or if you think you have the flu. http://t.co/ZHv4zzLoRq",Wed Jan 28 14:47:21 +0000 2015,New Jersey
29761437,‚Äú@_theDarius: I remember watching the actual report on that girl lol‚Äùfrom them flu shots,Wed Jan 28 14:49:32 +0000 2015,Mississippi
500409229,I've never gotten a flu shot until this season &amp; I think it brought my immune system down.,Wed Jan 28 14:50:07 +0000 2015,Tennessee
17221207,RT @JMusgraveNews: Have you had your flu shot? 2 flu-related deaths reported in #Fresno County.,Wed Jan 28 14:52:48 +0000 2015,California
366189868,"Flu shot hoax ""No controlled trials demonstrating a decrease in influenza"" - http://t.co/0niqejlT1O http://t.co/zkFhUWAmPz via @HealthRanger",Wed Jan 28 14:55:55 +0000 2015,Kentucky
472619804,"Starting in 1 HR: FREE Flu Shots for Students
@ The University of South Alabama Student Health Center #BeJagHealthy http://t.co/dJWb36dQnp",Wed Jan 28 15:01:17 +0000 2015,Alabama
35016321,"Flu shot hoax admitted: ""No controlled trials demonstrating a decrease in influenza"" (Do NOT get any more flu shots!) http://t.co/1KedHdVC5E",Wed Jan 28 15:01:19 +0000 2015,California
281768552,Stop by the flu clinic today! You still are susceptible to the flu virus if you haven't had your flu shot! -... http://t.co/SfvZlPvNBH,Wed Jan 28 15:02:49 +0000 2015,New York
533358812,"RT @blondygirl1: Flu shot hoax admitted: ""No controlled trials demonstrating a decrease in influenza"" (Do NOT get any more flu shots!) http‚Ä¶",Wed Jan 28 15:02:54 +0000 2015,Wyoming
81713371,"TODAY our North location will be offering free flu shots from 10-4, while supplies last! The offer is for ages 4... http://t.co/Ych3ckTyZV",Wed Jan 28 15:05:03 +0000 2015,Colorado
310521334,@WeNotSocks only anti flu shot.,Wed Jan 28 15:05:26 +0000 2015,California
912598626,"Freedom Fighters of America: Flu shot hoax admitted: ""No controlled trials demo... http://t.co/881OiwG4zz",Wed Jan 28 15:09:36 +0000 2015,
237134758,I haven't gotten a flu shot &amp; I feel just fine üòÑ,Wed Jan 28 15:13:13 +0000 2015,georgia
310521334,@SavasaurusRexx @WeNotSocks the flu shot does nothing. Too many different strains of it. You can get the flu shot &amp; still catch the flu.,Wed Jan 28 15:13:16 +0000 2015,California
153692738,10 REASONS WHY FLU SHOTS ARE MORE DANGEROUS THAN A FLU | World http://t.co/381OOCorl7 http://t.co/HWPSv9H6w4,Wed Jan 28 15:15:17 +0000 2015,New York
375411208,"If you read the insert on the flu shot packaging, it says, ""No controlled trials demonstrating a decrease in... http://t.co/JSEG8t4ZBS",Wed Jan 28 15:22:03 +0000 2015,Texas
242462581,RT @UofAHealth: We're seeing a large number of flu cases right now. Practice good respiratory hygiene &amp; get your flu shot #uark More: http:‚Ä¶,Wed Jan 28 15:22:22 +0000 2015,Arkansas
73654065,"Flu shot hoax admitted: ""No controlled trials demonstrating a decrease in influenza"" - NaturalNews. http://t.co/WYWNu19b3L via @HealthRanger",Wed Jan 28 15:27:31 +0000 2015,Pennsylvania
7171412,FLU SHOT: I make no secret that I consider the annual flu shots a cash cow for the pharma groups complete with a... http://t.co/TeKMNjKBN4,Wed Jan 28 15:29:13 +0000 2015,
83889785,"#CDCwhistleblower Flu shot hoax admitted: ""No controlled trials demonstrating a decrease in influenza"" http://t.co/ylbulNEYEM
#vaccines",Wed Jan 28 15:35:27 +0000 2015,Alaska
20939186,"Flu shot hoax admitted: ""No controlled trials demonstrating a decrease in influenza"" - NaturalNews http://t.co/VhexIVNtEg via @HealthRanger",Wed Jan 28 15:37:32 +0000 2015,Idaho
82407830,"Flu shot hoax admitted: ""No controlled trials demonstrating a decrease in influenza""  http://t.co/ZkAXsf9ppc @HealthRanger",Wed Jan 28 15:56:37 +0000 2015,florida
247781332,What You Need To Know About The Flu Epidemic #flushot #employeehealth ¬´ @GiftCardPartner Blog http://t.co/FqFruCEcAe,Wed Jan 28 16:05:30 +0000 2015,Massachusetts
63771434,So proud I got the flu shot in October. Is there a cold shot? 'Cause that's what I need right now.,Wed Jan 28 16:12:52 +0000 2015,California
976689936,JUST A FEW MORE DAYS TO GET THE KIDDOS THERE FREE FLU SHOT! CONTACT QCR TODAY 402-934-0044 http://t.co/u9v8AYRdKT,Wed Jan 28 16:13:08 +0000 2015,Nebraska
287648313,"RT @BlueHenSays: Don‚Äôt be a #FluHen, head over to Student Health Services for you‚Äôre flu shot today! Call 302-831-2226 for an appointment!",Wed Jan 28 16:18:31 +0000 2015,Delaware
171260862,RT @toptradesmen: The flu shot is a fraud. But it's a fraud that's so deeply embedded in the delusional pro-vaccine culture of the... http:‚Ä¶,Wed Jan 28 16:21:35 +0000 2015,california
171260862,RT @toptradesmen: The flu shot is a fraud. But it's a fraud that's so deeply embedded in the delusional pro-vaccine culture of the... http:‚Ä¶,Wed Jan 28 16:21:37 +0000 2015,california
171260862,"RT @toptradesmen: FREEDOM OR ANARCHY,Campaign of Conscience: Flu shot hoax admitted: ""No controlled trials demo... http://t.co/elUISDFg0J",Wed Jan 28 16:21:39 +0000 2015,california
171260862,"RT @toptradesmen: Flu shot hoax admitted: ""No controlled trials demonstrating a decrease in influenza"" http://t.co/zx20AQY3ng via @JosephFB‚Ä¶",Wed Jan 28 16:21:42 +0000 2015,california
171260862,"RT @toptradesmen: Flu shot hoax admitted: ""No controlled trials demonstrating a decrease in influenza"" http://t.co/zx20AQY3ng via @DJFORFRE‚Ä¶",Wed Jan 28 16:21:44 +0000 2015,california
171260862,"RT @toptradesmen: Flu shot hoax admitted: ""No controlled trials demonstrating a decrease in influenza"" http://http://t.co/2SezUa2OdI via @c‚Ä¶",Wed Jan 28 16:21:46 +0000 2015,california
792302694,"WSIL-TV: CORRECTION: Crossroads Community Hospital Flu Shot Clinic is tomorrow, Jan. 29th. http://t.co/zj9OGq48UL",Wed Jan 28 16:24:09 +0000 2015,Illinois
91633116,Flu shot hoax admitted: http://t.co/IoGwhR6nB0,Wed Jan 28 16:32:48 +0000 2015,louisiana
56556994,"RT @BlueHenSays: Don‚Äôt be a #FluHen, head over to Student Health Services for you‚Äôre flu shot today! Call 302-831-2226 for an appointment!",Wed Jan 28 16:34:55 +0000 2015,Delaware
33825231,Flu shot hoax admitted:  http://t.co/RayOBSGGMR via @sharethis,Wed Jan 28 16:38:29 +0000 2015,Nevada
15282825,"Flu shot hoax admitted: ""No controlled trials demonstrating a decrease in influenza""  http://t.co/OZXunVr58b   Mary Mays",Wed Jan 28 16:40:47 +0000 2015,California
419899970,"Flu shot hoax admitted: ""No controlled trials demonstrating a decrease in influenza"" - http://t.co/56GLkiQSiG http://t.co/xljxMgZM0W",Wed Jan 28 16:47:34 +0000 2015,arizona
15467680,"Flu shot hoax admitted: ""NO controlled trials demonstrating a decrease in influenza"" - http://t.co/2GMLKL2LWX http://t.co/BCMi82Xoov via",Wed Jan 28 16:55:19 +0000 2015,Oregon
20592308,"Fewer flu hospitalization, yet its still important to get your flu shot if you haven't! #stayhealthy http://t.co/5PVsnQvE14",Wed Jan 28 16:55:50 +0000 2015,Iowa
81713371,"Our North location is offering free flu shots NOW until 4:00pm, while supplies last! The offer is for ages 4... http://t.co/vkrWlKoCoE",Wed Jan 28 17:00:02 +0000 2015,Colorado
250026115,Getting the flu shot. Finally.,Wed Jan 28 17:00:11 +0000 2015,Virginia
543899655,I litterly just got the flu shot yesterday and I'm already feeling like crap  üò¨üò•üò®üò∑,Wed Jan 28 17:01:06 +0000 2015,Oklahoma
385394323,"Girl Dies After Catching the Flu, Even After Getting Vaccine: Kiera Driscoll got a flu shot but‚Ä¶ http://t.co/KrxWdA8IkV #Chicago #News",Wed Jan 28 17:02:17 +0000 2015,Illinois
2584638865,I know a lot of people say the flu shot is bullshit but this is the first winter I haven't gotten it &amp; I have been sick twice now.,Wed Jan 28 17:03:41 +0000 2015,washington
371748566,"Girl Dies After Catching the Flu, Even After Getting Vaccine: Kiera Driscoll got a flu shot but caught the vir... http://t.co/nkXbb9qayK",Wed Jan 28 17:10:16 +0000 2015,
371761925,"Girl Dies After Catching the Flu, Even After Getting Vaccine: Kiera Driscoll got a flu shot but caught the vir... http://t.co/IgZQUkxcg0",Wed Jan 28 17:10:17 +0000 2015,
371767500,"Girl Dies After Catching the Flu, Even After Getting Vaccine: Kiera Driscoll got a flu shot but caught the vir... http://t.co/LecBK0BWCB",Wed Jan 28 17:10:18 +0000 2015,
371892411,"Girl Dies After Catching the Flu, Even After Getting Vaccine: Kiera Driscoll got a flu shot but caught the vir... http://t.co/MRuLxl18ho",Wed Jan 28 17:10:21 +0000 2015,
483399178,"Girl Dies After Catching the Flu, Even After Getting Vaccine: Kiera Driscoll got a flu shot but caught the vir... http://t.co/TSWa2Sy30u",Wed Jan 28 17:10:22 +0000 2015,
8835722,"Dear local health clinic, I got my flu shot already. Stop calling me about it.",Wed Jan 28 17:10:25 +0000 2015,Connecticut
525799608,"Flu shot hoax admitted: ""No controlled trials demonstrating a decrease in influenza"" - http://t.co/m2NcTqZPMs http://t.co/OP3rqGN14d",Wed Jan 28 17:11:02 +0000 2015,Texas
94189048,Flu shot hoax admitted: http://t.co/wImCpbHKMk,Wed Jan 28 17:11:30 +0000 2015,Tennessee
306386061,"Stupid flu... 
Both Liara and I are hating this.
Im never taking a flu shot again.",Wed Jan 28 17:20:42 +0000 2015,Ohio
319993511,Flu shot hoax admitted: http://t.co/xj0NzMowjS,Wed Jan 28 17:23:06 +0000 2015,Oregon
36695510,It is still not too late to get your flu shot! #preventativecare #flu http://t.co/dDbkJvp5KQ http://t.co/eNYm70hFht,Wed Jan 28 17:33:15 +0000 2015,Massachusetts
37542987,I don't fuck wit flu shots,Wed Jan 28 17:35:15 +0000 2015,Pennsylvania
1465345202,"@boltonnut @tigrayrocks As ineffective as the flu shot was this year, it's better than the flu.",Wed Jan 28 17:39:00 +0000 2015,Minnesota
147427253,"Ready for this mini flu to be gone, for now... SHOTS! http://t.co/uHxEaGYfmv",Wed Jan 28 17:39:34 +0000 2015,California
54260056,Its flu season &amp; we should all have taken the flu shot but are you also taking care of your stress level to keep you‚Ä¶https://t.co/DyxmgfP6ES,Wed Jan 28 17:43:48 +0000 2015,Illinois
32215460,RT @SUHealthService: Stop by the flu clinic today! You still are susceptible to the flu virus if you haven't had your flu shot! -... http:/‚Ä¶,Wed Jan 28 17:44:26 +0000 2015,New York
23915440,Flu shot hoax admitted: http://t.co/gpOw6H6vxH,Wed Jan 28 17:44:57 +0000 2015,north carolina
174316096,"RT @FreedomFOA: Freedom Fighters of America: Flu shot hoax admitted: ""No controlled trials demo... http://t.co/881OiwG4zz",Wed Jan 28 17:47:34 +0000 2015,
28534205,"RT @FreedomFOA: Freedom Fighters of America: Flu shot hoax admitted: ""No controlled trials demo... http://t.co/881OiwG4zz",Wed Jan 28 17:48:52 +0000 2015,Pennsylvania
28534205,"Flu shot hoax admitted: ""No controlled trials demonstrating a decrease in influenza"" http://t.co/HpflcNOOVd TOLD YA SO",Wed Jan 28 17:50:10 +0000 2015,Pennsylvania
273595457,Flu Shot Hoax Admitted: ‚ÄúNo Controlled Trials Demonstrating a Decrease in Influenza‚Äù http://t.co/mk3bsOIrb4,Wed Jan 28 17:51:40 +0000 2015,North Carolina
90668923,"Flu shot hoax admitted: ""No controlled trials demonstrating a decrease in influenza"" - http://t.co/JNuoZtcoUX  *Peeps...make better choice!!",Wed Jan 28 17:57:24 +0000 2015,Florida
165625617,I never got the flu shot before and never had the flu. I'm about to be ruinedüò£,Wed Jan 28 17:57:37 +0000 2015,Pennsylvania
219841412,Come on flu shot don't fail me nowüò∑,Wed Jan 28 18:01:07 +0000 2015,California
500069464,"Season‚Äôs first reportable flu-related death in Santa Clara County.  Stay healthy: Get your flu shot, and get more... http://t.co/a959yFpxzd",Wed Jan 28 18:01:40 +0000 2015,California
18236224,@ABC @ABCNewsHealth this is terrible. This is also the reason I don't get the flu shot.,Wed Jan 28 18:06:05 +0000 2015,New Jersey
154315753,Fuck this flu shot im about to get üíâ  #suchachicken,Wed Jan 28 18:18:37 +0000 2015,California
300470375,"me: I don't need the flu shot I rarely get sick
me: fuckity fuck I fucked up",Wed Jan 28 18:19:05 +0000 2015,Michigan
17324110,Flu Shot Hoax Admitted: ‚ÄúNo Controlled Trials Demonstrating a Decrease in¬†Influenza‚Äù http://t.co/DZr5fDN4VW,Wed Jan 28 18:22:05 +0000 2015,New York
15108918,"Flu shot hoax admitted: ""No controlled trials demonstrating a decrease in influenza"" -... https://t.co/ZEPLRvX0Ry",Wed Jan 28 18:23:17 +0000 2015,
82814353,"As you read through this, remember that they said:
""Kiera got the flu shot"" and her cause of death it states was... http://t.co/B9P9Oz7wMP",Wed Jan 28 18:40:12 +0000 2015,California
114626872,RT @Movanhook: ‚ÄúDid u know that over 60 million flu shots made in 2014 contain mercury? Learn #GoMercuryFree at http://t.co/BbK9yHRGm2‚Äù #CD‚Ä¶,Wed Jan 28 18:44:47 +0000 2015,Connecticut
133430077,A flu shot can protect a #pregnant woman and her baby. @CDCFlu says get a flu shot in any trimester!,Wed Jan 28 18:45:24 +0000 2015,
22572694,Thanks for nothing flu shot. üòí,Wed Jan 28 18:45:54 +0000 2015,
15010977,"Dear ""Flu Shot"" you are a LIE! (At least this year) I sound like Bea Arthur imitating Barry White #QuadrivalentMyAss.",Wed Jan 28 18:45:58 +0000 2015,New York
537461208,A flu shot can protect a #pregnant woman and her baby. @CDCFlu says get a flu shot in any trimester!,Wed Jan 28 18:53:27 +0000 2015,Kentucky
279723085,RT @mytext4baby: A flu shot can protect a #pregnant woman and her baby. @CDCFlu says get a flu shot in any trimester!,Wed Jan 28 18:53:46 +0000 2015,New York
38727901,RT @mytext4baby: A flu shot can protect a #pregnant woman and her baby. @CDCFlu says get a flu shot in any trimester!,Wed Jan 28 18:59:00 +0000 2015,Illinois
836246100,"@holleynicolee I got a flu shot and I'm still dying, type a and b #killmepls",Wed Jan 28 18:59:57 +0000 2015,texas
390213570,RT @mytext4baby: A flu shot can protect a #pregnant woman and her baby. @CDCFlu says get a flu shot in any trimester!,Wed Jan 28 19:00:17 +0000 2015,Iowa
202307286,RT @mytext4baby: A flu shot can protect a #pregnant woman and her baby. @CDCFlu says get a flu shot in any trimester!,Wed Jan 28 19:03:42 +0000 2015,Texas
16197726,Just got a B12 shot in my butt as a last resort to kick this flu. COME ON.,Wed Jan 28 19:04:18 +0000 2015,California
30667397,I got over the Flu Few Days Ago-: Lost Of Rest/Water/Cough Surup/Fever Tablets/Hot Drinks.No Drs Or No Shots.,Wed Jan 28 19:04:37 +0000 2015,Tennessee
29009260,"Flu Shot Hoax Admitted: ""No Controlled Trials"" | Alternative http://t.co/1rPF20YqKV",Wed Jan 28 19:07:32 +0000 2015,
15656710,"While I don't mind getting the flu, I'm getting my flu shot in the future for herd immunity.",Wed Jan 28 19:09:42 +0000 2015,Minnesota
153692738,Flu Shot Hoax Admitted: ‚ÄúNo Controlled Trials Demonstrating a Decrease in Influenza‚Äù http://t.co/jr8674mbqo,Wed Jan 28 19:12:14 +0000 2015,New York
418748222,RT @mytext4baby: A flu shot can protect a #pregnant woman and her baby. @CDCFlu says get a flu shot in any trimester!,Wed Jan 28 19:15:37 +0000 2015,North Carolina
46011373,Peak flu season is here - should you skip your flu shot or get one before February? http://t.co/NohSmS74zi,Wed Jan 28 19:19:16 +0000 2015,Massachusetts
84911639,"Flu shot hoax admitted: ""No controlled trials demonstrating a decrease in influenza"" http://t.co/8hpZ3Mrcs4 via @HealthRanger",Wed Jan 28 19:34:47 +0000 2015,kentucky
583831389,@MassDeception1 @Jeff257 I usually catch the flu every year I skip the shot.,Wed Jan 28 19:43:31 +0000 2015,Florida
239740332,RT @mytext4baby: A flu shot can protect a #pregnant woman and her baby. @CDCFlu says get a flu shot in any trimester!,Wed Jan 28 19:43:35 +0000 2015,Washington
297062444,3 people I know have pneumonia (2 are smokers..coincidence?) and many have the flu. I'm curious if they've had flu shots.,Wed Jan 28 19:45:25 +0000 2015,Maine
17200375,Flu deaths ahead of last year‚Äôs pace. It's not too late to get a flu shot. http://t.co/8qE5wyG1IR,Wed Jan 28 19:46:07 +0000 2015,California
134635281,RT @ElizaCorp: Peak flu season is here - should you skip your flu shot or get one before February? http://t.co/NohSmS74zi,Wed Jan 28 19:48:56 +0000 2015,Massachusetts
32645026,"RT @SMCHealth: Get a FREE flu shot &amp; learn about @CoveredCA: 1/31, 9:30-12:30 @csmbulldogs College Center Bldg (Bldg 10), 1700 W Hillsdale ‚Ä¶",Wed Jan 28 19:57:11 +0000 2015,California
32437911,"RT @HealthRanger: #Flu shot manufacturer confirms that there are ""no controlled trials"" demonstrating flu shots work at all: http://t.co/BQ‚Ä¶",Wed Jan 28 19:58:54 +0000 2015,
346915526,Next year I'm getting a flu shot... Because this sucks man,Wed Jan 28 19:59:32 +0000 2015,California
582927693,"RT @FreedomFOA: Freedom Fighters of America: Flu shot hoax admitted: ""No controlled trials demo... http://t.co/881OiwG4zz",Wed Jan 28 20:08:21 +0000 2015,Idaho
2997823730,"RT @SMCHealth: Get a FREE flu shot &amp; learn about @CoveredCA: 1/31, 9:30-12:30 @csmbulldogs College Center Bldg (Bldg 10), 1700 W Hillsdale ‚Ä¶",Wed Jan 28 20:09:26 +0000 2015,California
20622924,RT @drphilDONTEhue: Getting a flu shot is really useless but üö∂,Wed Jan 28 20:32:42 +0000 2015,Georgia
380480085,"Come by BestYet for your FLU shot. $28 without insurance, but if you have Medicare, Tricare, or federal BCBS it's free!",Wed Jan 28 20:41:58 +0000 2015,oklahoma
90242191,@Spenno_77 are flu shots tequila? Perfect.,Wed Jan 28 20:49:24 +0000 2015,Utah
606663661,Flu shot hoax admitted No controlled trials demonstrating a decrease in influenza http://t.co/FpPyOMi2S6 I Never do flu shots don't turst em,Wed Jan 28 20:53:50 +0000 2015,kentucky
21008103,@andrewbogut hope you get better soon and next time get a flu shot!! üíâ #dubs #LetsGoWarriors,Wed Jan 28 20:54:28 +0000 2015,California
465782542,"Flu Shot Hoax Admitted: ‚ÄúNO Controlled Trials Demonstrating A Decrease In Influenza‚Äù   

By Mike Adams - Jan 28,... http://t.co/2D7NYd16a4",Wed Jan 28 20:54:53 +0000 2015,Iowa
374535316,It has been a rough flu season. That's why it's so important for #seniors to get a #flu shot. Learn more from @FluGov http://t.co/wvI5h7Mg5c,Wed Jan 28 20:55:10 +0000 2015,District of Columbia
465782542,Photoset: Flu Shot Hoax Admitted: ‚ÄúNO Controlled Trials Demonstrating A Decrease In Influenza‚Äù By Mike... http://t.co/wPHK4nAemU,Wed Jan 28 21:03:44 +0000 2015,Iowa
465782542,The Flu Shot Is A Hoax-JUST READ THE INSERT &amp; LABELS http://t.co/fZVKIvVLWa via @wordpressdotcom,Wed Jan 28 21:06:20 +0000 2015,Iowa
465782542,Flu shot hoax admitted: ‚ÄúNo controlled trials demonstrating a decrease in influenza‚Äù https://t.co/lXNVbKSEl2,Wed Jan 28 21:07:51 +0000 2015,Iowa
586099770,Flu shot hoax admitted: http://t.co/zYh8gC1fDf,Wed Jan 28 21:12:44 +0000 2015,North Carolina
14052959,"First, dude assumes that the LW didn't get a flu shot. Unrelated to question, and not a fair assumption, considering: http://t.co/yVkPufaDy0",Wed Jan 28 21:47:12 +0000 2015,oregon
46011373,February is peak #flu season! Eliza's flu shot outreach solution reminds and persuades people to get #vaccinated: http://t.co/u3A7QsxYeu,Wed Jan 28 21:47:47 +0000 2015,Massachusetts
898550862,I swear the flu shot doesn't work,Wed Jan 28 21:55:56 +0000 2015,
81777336,Flu shot - ‚úÖ  Miss draw on right arm - ‚úÖ blahhh,Wed Jan 28 21:59:24 +0000 2015,Texas
27818124,@ShelaghBecerra my partner refuses flu shots- but compliant with every other adult immunization and health issues,Wed Jan 28 22:07:21 +0000 2015,California
594083261,If this flu shot makes me sick im gonna be so pissed #ironic #butreally,Wed Jan 28 22:11:09 +0000 2015,ohio
7980272,@deirdresm UGH. They say this year's flu shot isn't terribly effective. Sounds like you're learning that first hand. #webechillin,Wed Jan 28 22:16:20 +0000 2015,Texas
15413409,"I can only assume that going to Kaiser to get flu and Tdap shots has given me the measles. That‚Äôs how disease works, right?",Wed Jan 28 22:25:03 +0000 2015,Oregon
15235948,FLU SHOTS! #ThingsToRunFrom,Wed Jan 28 22:26:22 +0000 2015,Florida
473332649,Bogut seriously needs to get a flu shot. At least 3x being out with flu-like symptoms,Wed Jan 28 22:29:36 +0000 2015,california
70230326,Flu season is here! Get your flu shot at @MedSpring! #healthyRNBA,Wed Jan 28 22:30:53 +0000 2015,Illinois
38562052,@ThisNiggaErrol RT @LiLNFeisty 5 yr old girl dies after getting flu shot. umm I wont be getting the flu shot I dont care what my doctor says,Wed Jan 28 22:32:03 +0000 2015,Maryland
38741486,RT @gardenofliferaw: FLU SHOTS! #ThingsToRunFrom,Wed Jan 28 22:34:43 +0000 2015,California
473332649,@gswstats @warriors Get a flu shot!,Wed Jan 28 22:35:41 +0000 2015,california
17064545,@ShelaghBecerra @yayayarndiva I dont always do flu shots. Depends on my life circumstances.,Wed Jan 28 22:40:58 +0000 2015,North Carolina
15385754,@ravinasniper Im mostly talking about children and the core vaccines for things like measles. I could care less about flu shots and what not,Wed Jan 28 22:41:58 +0000 2015,California
449077766,Flu shot hoax admitted: ‚ÄúNo controlled trials demonstrating a decrease in influenza‚Äù http://t.co/XpaeEDJfmk,Wed Jan 28 22:43:56 +0000 2015,New York
24183598,Is the flu shot or flu mist better for pregnant women? What about thimerosal? Find out here: http://t.co/XftpV9uc4P,Wed Jan 28 22:50:22 +0000 2015,Texas
248386792,@CDCFlu what ingredients are in this years flu shot? Ever since I have gotten it I have had some side effects.,Wed Jan 28 23:06:08 +0000 2015,North Carolina
20329110,Got a flu shot for the first time in my adult life two weeks ago and now have the flu for the first time in my adult life. Cool.,Wed Jan 28 23:11:20 +0000 2015,Tennessee
59582758,Me: *moves to the city* *gets flu and goes home* *doesn't attend any classes the first week of school* #getyourflushotsguys,Wed Jan 28 23:12:24 +0000 2015,New York
14778996,RT @ArleneCruzNunez: Bogut seriously needs to get a flu shot. At least 3x being out with flu-like symptoms,Wed Jan 28 23:16:33 +0000 2015,California
334965973,"Flu shot girl: confused on her feelings about flu shots
http://t.co/AHAffJ7LMY
#iFunny",Wed Jan 28 23:31:27 +0000 2015,New Jersey
702198426,@Nyyrangers11 @gaaabyyxoxo the doctor said a lot of people who got the flu shot are still getting the flu üò∂,Wed Jan 28 23:34:36 +0000 2015,New Jersey
42332363,RT @gardenofliferaw: FLU SHOTS! #ThingsToRunFrom,Wed Jan 28 23:40:45 +0000 2015,California
248428780,10 REASONS WHY FLU SHOTS ARE MORE DANGEROUS THAN A FLU | World http://t.co/GDRsLMaAcA http://t.co/S2X8Eox66b,Wed Jan 28 23:43:20 +0000 2015,Pennsylvania
25649681,How many more have to die from the flu after receiving the flu shot for us to wake up to the fact that this... http://t.co/OYF8biyuez,Wed Jan 28 23:48:00 +0000 2015,New York
14893297,"Flu shot hoax admitted: ""No controlled trials demonstrating a decrease in influenza""  http://t.co/p4ZdFJq8RY #nws #health #medicine #USA #p2",Wed Jan 28 23:50:17 +0000 2015,
389587061,"Flu shot hoax admitted: ""No controlled trials demonstrating a decrease in influenza"" -  http://t.co/FVJEMyaquG via @HealthRanger",Wed Jan 28 23:53:23 +0000 2015,Texas
153692738,10 REASONS WHY FLU SHOTS ARE MORE DANGEROUS THAN A FLU | World http://t.co/381OOCorl7 http://t.co/IERH4FHP9E,Wed Jan 28 23:53:24 +0000 2015,New York
2735818551,@NBrookThomas @AustinKellerman WITH OT WITHOUT THE FLU SHOT? Why is that always left out?,Wed Jan 28 23:53:24 +0000 2015,Arkansas
389587061,The flu shot is a fraud. But it's a fraud that's so deeply embedded in the delusional pro-vaccine culture of the... http://t.co/IgeQCUpZu9,Wed Jan 28 23:54:28 +0000 2015,Texas
865242169,"Flu shot hoax admitted: ""No controlled trials demonstrating a decrease in influenza"" - http://t.co/b8tuPxJUOh -... http://t.co/aOUwWV9DJ7",Wed Jan 28 00:40:24 +0000 2015,Florida
128641320,Flu shot hoax admitted: ‚ÄúNo controlled trials demonstrating a decrease in influenza‚Äù http://t.co/XkFAitmp38 #News http://t.co/3y8F1v1dmj,Wed Jan 28 00:59:35 +0000 2015,New York
265187672,"Flu shot hoax admitted: ""No controlled trials demonstrating a decrease in influenza"" - NaturalNews http://t.co/u1itAnci9K via @HealthRanger",Wed Jan 28 01:45:37 +0000 2015,Utah
38021037,"Flu shot hoax admitted: ""No controlled trials demonstrating a decrease in influenza"" http://t.co/5e9ntzVcSp",Wed Jan 28 01:49:10 +0000 2015,North Carolina
439473806,"First year not getting a flu shot, and I just tested positive for Influenza A. I deserve this...",Wed Jan 28 01:55:55 +0000 2015,Nebraska
304832872,RT @thecommonseshow: Flu shot hoax admitted: ‚ÄúNo controlled trials demonstrating a decrease in influenza‚Äù: by‚Ä¶ http://t.co/gDGyvlOwfd,Wed Jan 28 04:04:03 +0000 2015,Arizona
115221745,"Flu shot hoax admitted: ""No controlled trials demonstrating a decrease in influenza"" http://t.co/ujJTqrog3f",Wed Jan 28 08:26:04 +0000 2015,Texas
17833758,"Flu shot hoax admitted: ""No controlled trials demonstrating a decrease in influenza"" - http://t.co/78unyIuhSv http://t.co/tDJizBWogT",Wed Jan 28 10:00:26 +0000 2015,Massachusetts
20639494,"Flu shot hoax admitted: ""No controlled trials demonstrating a decrease in influenza""
Learn more: http://t.co/fBaUL6J4QE",Wed Jan 28 10:28:29 +0000 2015,Florida
62147616,"@janamurray Flu shot hoax admitted: ""No controlled trials demonstrating a decrease in influenza""  http://t.co/jJlVnrLwzZ @Libertypoet",Wed Jan 28 10:53:27 +0000 2015,
447085006,"Flu shot hoax admitted: ""No controlled trials demonstrating a decrease in influenza"" - http://t.co/J9NCuacUKa http://t.co/zmOPEkuqXB",Wed Jan 28 12:06:17 +0000 2015,New York
17147215,"Flu shot hoax admitted: ""No controlled trials demonstrating a decrease in influenza"" - http://t.co/fDaF4ZWhzT via @HealthRanger",Wed Jan 28 12:44:24 +0000 2015,Ohio
14913547,"Flu shot hoax admitted: ""No controlled trials demonstrating a decrease in influenza"" - http://t.co/lYyzQjlRWS #tcot",Wed Jan 28 12:55:43 +0000 2015,Pennsylvania
366189868,"Flu shot hoax ""No controlled trials demonstrating a decrease in influenza"" - http://t.co/0niqejlT1O http://t.co/zkFhUWAmPz via @HealthRanger",Wed Jan 28 14:55:55 +0000 2015,Kentucky
35016321,"Flu shot hoax admitted: ""No controlled trials demonstrating a decrease in influenza"" (Do NOT get any more flu shots!) http://t.co/1KedHdVC5E",Wed Jan 28 15:01:19 +0000 2015,California
533358812,"RT @blondygirl1: Flu shot hoax admitted: ""No controlled trials demonstrating a decrease in influenza"" (Do NOT get any more flu shots!) http‚Ä¶",Wed Jan 28 15:02:54 +0000 2015,Wyoming
19846960,RT @freakonomics: Influenza is a perennial top killer. There‚Äôs a vaccine for it. So why do only 40% of American adults get the shot? http:/‚Ä¶,Wed Jan 28 15:04:55 +0000 2015,California
73654065,"Flu shot hoax admitted: ""No controlled trials demonstrating a decrease in influenza"" - NaturalNews. http://t.co/WYWNu19b3L via @HealthRanger",Wed Jan 28 15:27:31 +0000 2015,Pennsylvania
83889785,"#CDCwhistleblower Flu shot hoax admitted: ""No controlled trials demonstrating a decrease in influenza"" http://t.co/ylbulNEYEM
#vaccines",Wed Jan 28 15:35:27 +0000 2015,Alaska
20939186,"Flu shot hoax admitted: ""No controlled trials demonstrating a decrease in influenza"" - NaturalNews http://t.co/VhexIVNtEg via @HealthRanger",Wed Jan 28 15:37:32 +0000 2015,Idaho
82407830,"Flu shot hoax admitted: ""No controlled trials demonstrating a decrease in influenza""  http://t.co/ZkAXsf9ppc @HealthRanger",Wed Jan 28 15:56:37 +0000 2015,florida
171260862,"RT @toptradesmen: Flu shot hoax admitted: ""No controlled trials demonstrating a decrease in influenza"" http://t.co/zx20AQY3ng via @JosephFB‚Ä¶",Wed Jan 28 16:21:42 +0000 2015,california
171260862,"RT @toptradesmen: Flu shot hoax admitted: ""No controlled trials demonstrating a decrease in influenza"" http://t.co/zx20AQY3ng via @DJFORFRE‚Ä¶",Wed Jan 28 16:21:44 +0000 2015,california
171260862,"RT @toptradesmen: Flu shot hoax admitted: ""No controlled trials demonstrating a decrease in influenza"" http://http://t.co/2SezUa2OdI via @c‚Ä¶",Wed Jan 28 16:21:46 +0000 2015,california
15282825,"Flu shot hoax admitted: ""No controlled trials demonstrating a decrease in influenza""  http://t.co/OZXunVr58b   Mary Mays",Wed Jan 28 16:40:47 +0000 2015,California
419899970,"Flu shot hoax admitted: ""No controlled trials demonstrating a decrease in influenza"" - http://t.co/56GLkiQSiG http://t.co/xljxMgZM0W",Wed Jan 28 16:47:34 +0000 2015,arizona
15467680,"Flu shot hoax admitted: ""NO controlled trials demonstrating a decrease in influenza"" - http://t.co/2GMLKL2LWX http://t.co/BCMi82Xoov via",Wed Jan 28 16:55:19 +0000 2015,Oregon
525799608,"Flu shot hoax admitted: ""No controlled trials demonstrating a decrease in influenza"" - http://t.co/m2NcTqZPMs http://t.co/OP3rqGN14d",Wed Jan 28 17:11:02 +0000 2015,Texas
67490951,"This year‚Äôs #flu is one of the worst we‚Äôve seen, so read up on the dreaded influenza virus and stay healthy. http://t.co/J6D8RIjWbD #FluShot",Wed Jan 28 17:15:42 +0000 2015,California
28534205,"Flu shot hoax admitted: ""No controlled trials demonstrating a decrease in influenza"" http://t.co/HpflcNOOVd TOLD YA SO",Wed Jan 28 17:50:10 +0000 2015,Pennsylvania
273595457,Flu Shot Hoax Admitted: ‚ÄúNo Controlled Trials Demonstrating a Decrease in Influenza‚Äù http://t.co/mk3bsOIrb4,Wed Jan 28 17:51:40 +0000 2015,North Carolina
90668923,"Flu shot hoax admitted: ""No controlled trials demonstrating a decrease in influenza"" - http://t.co/JNuoZtcoUX  *Peeps...make better choice!!",Wed Jan 28 17:57:24 +0000 2015,Florida
17324110,Flu Shot Hoax Admitted: ‚ÄúNo Controlled Trials Demonstrating a Decrease in¬†Influenza‚Äù http://t.co/DZr5fDN4VW,Wed Jan 28 18:22:05 +0000 2015,New York
15108918,"Flu shot hoax admitted: ""No controlled trials demonstrating a decrease in influenza"" -... https://t.co/ZEPLRvX0Ry",Wed Jan 28 18:23:17 +0000 2015,
153692738,Flu Shot Hoax Admitted: ‚ÄúNo Controlled Trials Demonstrating a Decrease in Influenza‚Äù http://t.co/jr8674mbqo,Wed Jan 28 19:12:14 +0000 2015,New York
84911639,"Flu shot hoax admitted: ""No controlled trials demonstrating a decrease in influenza"" http://t.co/8hpZ3Mrcs4 via @HealthRanger",Wed Jan 28 19:34:47 +0000 2015,kentucky
17137971,JUST IN: Number of people who have died of influenza-related causes in SD shot up to 19. The HHSA: 11 fatalities were reported last week.,Wed Jan 28 19:53:59 +0000 2015,California
606663661,Flu shot hoax admitted No controlled trials demonstrating a decrease in influenza http://t.co/FpPyOMi2S6 I Never do flu shots don't turst em,Wed Jan 28 20:53:50 +0000 2015,kentucky
465782542,"Flu Shot Hoax Admitted: ‚ÄúNO Controlled Trials Demonstrating A Decrease In Influenza‚Äù   

By Mike Adams - Jan 28,... http://t.co/2D7NYd16a4",Wed Jan 28 20:54:53 +0000 2015,Iowa
465782542,Photoset: Flu Shot Hoax Admitted: ‚ÄúNO Controlled Trials Demonstrating A Decrease In Influenza‚Äù By Mike... http://t.co/wPHK4nAemU,Wed Jan 28 21:03:44 +0000 2015,Iowa
465782542,Flu shot hoax admitted: ‚ÄúNo controlled trials demonstrating a decrease in influenza‚Äù https://t.co/lXNVbKSEl2,Wed Jan 28 21:07:51 +0000 2015,Iowa
449077766,Flu shot hoax admitted: ‚ÄúNo controlled trials demonstrating a decrease in influenza‚Äù http://t.co/XpaeEDJfmk,Wed Jan 28 22:43:56 +0000 2015,New York
14893297,"Flu shot hoax admitted: ""No controlled trials demonstrating a decrease in influenza""  http://t.co/p4ZdFJq8RY #nws #health #medicine #USA #p2",Wed Jan 28 23:50:17 +0000 2015,
389587061,"Flu shot hoax admitted: ""No controlled trials demonstrating a decrease in influenza"" -  http://t.co/FVJEMyaquG via @HealthRanger",Wed Jan 28 23:53:23 +0000 2015,Texas
